Toode;Maht_ml;Protsent;Pood;Hind;Uuendatud
hele õlu conus;2000.0;4.2;Maxima;2.89;2025-11-05 05:23:00
õlu walter originaal;2000.0;4.2;Rimi;2.89;2025-11-05 13:23:00
hele õlu conus;2000.0;6.0;Maxima;2.89;2025-11-05 05:23:00
õlu walter originaal;500.0;4.2;Rimi;0.79;2025-11-05 12:23:00
hele õlu conus lager;500.0;4.0;Maxima;0.79;2025-11-05 05:23:00
hele õlu barley classic;500.0;4.0;Maxima;0.79;2025-11-05 05:23:00
õlu walter original;500.0;4.2;Rimi;0.79;2025-11-05 11:23:00
säästu pilsner hele õlu;2000.0;4.2;Coop;3.19;2025-11-05 06:23:00
õlu walter special;2000.0;6.0;Rimi;3.25;2025-11-05 12:23:00
õlu conus lager;500.0;5.0;Maxima;0.89;2025-11-05 05:23:00
a.le coq pilsner õlu;2000.0;4.2;Kaupmees;3.7;2025-11-05 09:23:00
a.le coq pilsner õlu;2000.0;4.2;Coop;3.89;2025-11-05 08:23:00
a.le coq pilsner õlu;2000.0;4.2;Prisma;4.09;2025-04-09 17:23:00
säästu kange hele õlu;2000.0;6.0;Coop;3.79;2025-11-05 07:23:00
erdinger hele õlu;500.0;5.3;Sumena;0.99;2025-11-05 09:23:00
saku pilsner hele õlu;2000.0;4.2;Coop;3.95;2025-11-05 07:23:00
saku pilsner hele õlu;2000.0;4.2;Kaupmees;3.73;2025-07-08 17:23:00
nisuõlu cronus;500.0;5.3;Maxima;0.99;2025-11-05 05:24:00
hele õlu cronus pilsner;500.0;4.8;Maxima;0.99;2025-11-05 05:24:00
holsten premium hele õlu;2000.0;4.5;Coop;3.95;2025-11-05 06:24:00
holsten premium hele õlu;2000.0;4.5;Prisma;3.19;2025-04-09 17:24:00
karlovske zlato hele õlu;500.0;4.5;Coop;0.99;2025-11-05 08:24:00
õlu conus lager;1000.0;6.0;Maxima;2.05;2025-11-05 05:24:00
karlovske zlato hele õlu;7920.0;4.5;Coop;16.49;2025-11-05 08:24:00
disel;2000.0;5.2;Kaupmees;4.22;2025-11-05 09:24:00
disel;2000.0;5.2;Coop;4.35;2025-11-05 07:24:00
disel;2000.0;5.2;Rimi;4.59;2025-11-05 11:24:00
disel;2000.0;5.2;Maxima;4.59;2025-11-05 05:24:00
disel;2000.0;5.2;Prisma;4.39;2025-04-09 17:24:00
saku originaal hele õlu;7920.0;4.7;Hinnapomm;16.9;2025-11-05 10:24:00
saku originaal hele õlu;7920.0;4.7;Maxima;17.29;2025-11-05 05:24:00
saku originaal hele õlu;7920.0;4.7;Coop;15.99;2022-07-24 17:24:00
saku originaal hele õlu;7920.0;4.7;Prisma;20.39;2025-04-09 17:24:00
hele õlu carlsberg;500.0;5.0;Maxima;1.09;2025-11-05 05:24:00
hele õlu tuborg;500.0;4.6;Maxima;1.09;2025-11-05 05:24:00
hele õlu holsten premium;500.0;4.5;Maxima;1.09;2025-11-05 05:24:00
alexander export õlu;7920.0;5.2;Hinnapomm;17.45;2025-11-05 10:24:00
alexander export õlu;7920.0;5.2;Coop;19.49;2025-11-05 08:24:00
alexander export õlu;7920.0;5.2;Kaupmees;19.99;2025-11-05 09:24:00
alexander export õlu;7920.0;5.2;Prisma;21.39;2025-04-09 17:24:00
hele õlu karl friedrich;3408.0;5.0;Maxima;7.49;2025-11-05 05:24:00
karl friedrich hele õlu;7920.0;5.0;Kaupmees;17.5;2025-11-05 09:24:00
karl friedrich hele õlu;7920.0;5.0;Hinnapomm;17.5;2025-11-05 10:24:00
karl friedrich hele õlu;7920.0;5.0;Coop;19.99;2025-11-05 08:24:00
karl friedrich hele õlu;7920.0;5.0;Prisma;21.19;2025-04-09 17:24:00
obolon svetloje;1000.0;4.5;Kaupmees;2.26;2025-11-05 09:24:00
obolon svetloje;1000.0;4.5;Prisma;3.05;2025-04-09 17:24:00
meistrite gildi pilsner hele õlu;568.0;4.5;Coop;1.29;2025-11-05 07:24:00
meistrite gildi pilsner hele õlu;568.0;4.5;Kaupmees;1.35;2025-11-05 09:24:00
meistrite gildi pilsner hele õlu;568.0;4.5;Prisma;1.15;2025-04-09 17:24:00
saku originaal hele õlu;3000.0;4.7;Hinnapomm;6.8;2025-11-05 10:24:00
saku originaal hele õlu;3000.0;4.7;Selver;7.59;2025-11-05 03:24:00
saku originaal hele õlu;3000.0;4.7;Rimi;8.65;2025-11-05 13:24:00
saku originaal hele õlu;3000.0;4.7;Maxima;9.75;2025-11-05 06:24:00
saku originaal hele õlu;3000.0;4.7;Coop;7.99;2024-07-13 17:24:00
saku originaal hele õlu;3000.0;4.7;Prisma;9.09;2025-04-09 17:24:00
saku ekstra hele hele õlu;500.0;4.7;Coop;0.99;2025-11-05 08:24:00
õlu paderborner pilsner;500.0;4.8;Rimi;1.15;2025-11-05 11:24:00
õlu paderborner hell;500.0;5.1;Rimi;1.15;2025-11-05 11:24:00
tanker select lager hele õlu;500.0;5.0;Kaupmees;1.15;2025-11-05 09:24:00
tanker select lager hele õlu;500.0;5.0;Rimi;1.39;2025-11-05 13:24:00
tanker select lager hele õlu;500.0;5.0;Selver;1.59;2025-11-05 03:24:00
tanker select lager hele õlu;500.0;5.0;Maxima;1.69;2025-11-05 06:24:00
tanker select lager hele õlu;500.0;5.0;Coop;1.29;2024-07-13 17:24:00
tanker select lager hele õlu;500.0;5.0;Prisma;1.95;2025-04-09 17:24:00
faxe premium hele õlu;500.0;5.0;Kaupmees;1.15;2025-11-05 09:24:00
faxe premium hele õlu;500.0;5.0;Coop;1.99;2025-11-05 08:24:00
õlu alexander;568.0;5.2;Rimi;7.89;2025-11-05 11:24:00
lapin kulta õlu;3000.0;5.2;Kaupmees;6.99;2025-11-05 09:24:00
lapin kulta õlu;3000.0;5.2;Prisma;9.89;2025-04-09 17:24:00
saku taurus hele õlu;2000.0;6.0;Coop;4.69;2025-11-05 07:24:00
saku taurus hele õlu;2000.0;6.0;Kaupmees;4.7;2025-11-05 09:24:00
double bock õlu;2000.0;6.0;Coop;4.69;2025-11-05 07:24:00
double bock õlu;2000.0;6.0;Kaupmees;4.7;2025-11-05 09:24:00
double bock õlu;2000.0;6.0;Maxima;4.99;2025-11-05 05:24:00
double bock õlu;2000.0;6.0;Rimi;4.99;2025-11-05 11:24:00
double bock õlu;2000.0;6.0;Prisma;5.05;2025-04-09 17:24:00
õlu walter kange;500.0;7.0;Rimi;1.19;2025-11-05 11:24:00
säästu kange hele õlu;500.0;6.0;Coop;1.19;2025-11-05 07:24:00
a.le coq premium summer hele õlu;500.0;4.5;Kaupmees;1.19;2025-11-05 09:24:00
a.le coq premium summer hele õlu;500.0;4.5;Coop;1.05;2024-01-15 17:24:00
a.le coq premium summer hele õlu;500.0;4.5;Prisma;1.29;2024-11-10 17:24:00
a.le coq premium summer hele õlu;500.0;4.5;Selver;1.29;None
õlu premium export;3960.0;5.2;Coop;9.49;2025-11-05 08:24:00
õlu premium export;3960.0;5.2;Maxima;10.75;2025-11-05 06:24:00
õlu premium export;3960.0;5.2;Selver;8.99;2024-05-14 17:24:00
õlu premium export;3960.0;5.2;Prisma;10.6;2024-05-14 17:24:00
õlu heineken;500.0;5.0;Rimi;7.19;2025-11-05 12:24:00
hele õlu heineken;568.0;5.0;Maxima;1.39;2025-11-05 05:24:00
hele õlu amber city lager;1000.0;5.0;Maxima;2.49;2025-11-05 06:24:00
hele õlu saku rock;500.0;5.3;Maxima;1.25;2025-11-05 05:24:00
õlu paderborner pilger;500.0;5.0;Rimi;1.25;2025-11-02 17:24:00
a. le coq õlu premium special hele;330.0;5.2;Hinnapomm;9.99;2025-11-05 10:24:00
a. le coq õlu premium special hele;330.0;5.2;Kaupmees;10.99;2025-11-05 09:24:00
a. le coq õlu premium special hele;330.0;5.2;Selver;13.99;2025-07-08 17:24:00
hele õlu amber city;1000.0;6.0;Maxima;2.55;2025-11-05 06:24:00
saku ekstra hele hele õlu;330.0;4.7;Coop;0.85;2025-11-05 08:24:00
õlu walter strong;500.0;7.0;Rimi;1.29;2025-11-05 11:24:00
karlovske zlato hele õlu;330.0;4.5;Coop;0.85;2025-11-05 07:24:00
holsten strong õlu;500.0;6.0;Coop;1.29;2025-11-05 08:24:00
holsten strong õlu;500.0;6.0;Prisma;1.29;2025-04-09 17:24:00
õlu a. le coq premium;330.0;4.7;Rimi;0.85;2025-11-05 11:24:00
hele õlu conus lager;500.0;6.0;Maxima;1.29;2025-11-05 05:24:00
tuborg õlu green hele;500.0;4.6;Kaupmees;1.29;2025-11-05 09:24:00
tuborg õlu green hele;500.0;4.6;Hinnapomm;1.33;2025-11-05 10:24:00
fosters hele õlu;500.0;4.5;Kaupmees;1.31;2025-11-05 09:24:00
fosters hele õlu;500.0;4.5;Coop;0.99;2024-04-14 17:24:00
fosters hele õlu;500.0;4.5;Prisma;1.95;2025-04-09 17:24:00
žiguli barnoje õlu;900.0;4.9;Hinnapomm;2.36;2025-11-05 10:24:00
žiguli barnoje õlu;900.0;4.9;Prisma;2.89;2022-03-26 17:24:00
saku ekstra hele hele õlu;7920.0;4.7;Coop;16.79;2025-11-05 08:24:00
hele õlu saku kuld;3000.0;5.2;Maxima;7.99;2025-11-05 05:24:00
saku õlu originaal hele;330.0;5.2;Kaupmees;0.89;2025-11-05 09:24:00
saku on ice hele õlu;330.0;5.0;Kaupmees;0.89;2025-11-05 09:24:00
saku on ice hele õlu;330.0;5.0;Prisma;1.49;2025-04-09 17:24:00
rock hopper õlu;568.0;5.3;Selver;1.55;2025-11-05 03:24:00
rock hopper õlu;568.0;5.3;Kaupmees;1.59;2025-11-05 09:24:00
rock hopper õlu;568.0;5.3;Coop;1.35;2024-06-13 17:24:00
rock hopper õlu;568.0;5.3;Prisma;1.89;2025-04-09 17:24:00
õlu meistrite gildi pilsner;568.0;4.5;Rimi;1.55;2025-11-05 11:24:00
a. le coq õlu alexander dunkel tume;330.0;4.2;Kaupmees;21.75;2025-11-05 09:24:00
tume õlu amber city;500.0;5.0;Maxima;1.39;2025-11-05 05:24:00
õlu heineken;500.0;5.0;Rimi;1.39;2025-11-05 13:24:00
õlu a.le coq premium;500.0;4.7;Rimi;1.39;2025-11-05 11:24:00
tume õlu saku rubiin;500.0;5.5;Maxima;1.39;2025-11-05 06:24:00
hele õlu amber city lager;500.0;5.0;Maxima;1.39;2025-11-05 05:24:00
õlu conus strong;500.0;7.5;Maxima;1.39;2025-11-05 05:24:00
hele õlu pilsner a.le coq;500.0;4.2;Maxima;1.39;2025-11-05 05:24:00
nisuõlu amber city;500.0;4.5;Maxima;1.39;2025-11-05 05:24:00
õlu saku originaal;500.0;4.7;Rimi;1.39;2025-11-05 11:24:00
saku holsten premium hele õlu;500.0;4.5;Coop;1.39;2025-11-05 07:24:00
saku holsten premium hele õlu;500.0;4.5;Rimi;1.59;2025-11-05 11:24:00
saku holsten premium hele õlu;500.0;4.5;Prisma;1.15;2025-04-09 17:24:00
saku holsten premium hele õlu;500.0;4.5;Selver;1.49;2024-04-14 17:24:00
tauras õlu ekstra hele;30000.0;5.2;Kaupmees;83.34;2025-11-05 09:24:00
taurus õlu;1000.0;6.0;Coop;2.79;2025-11-05 07:24:00
taurus õlu;1000.0;6.0;Kaupmees;2.68;2024-12-10 17:24:00
taurus õlu;1000.0;6.0;Prisma;2.85;2025-04-09 17:24:00
hele õlu a.le coq special;3000.0;5.2;Maxima;8.39;2025-11-05 06:24:00
saku pilsner;500.0;4.2;Maxima;1.41;2025-11-05 05:24:00
saku pilsner;500.0;4.2;Prisma;1.01;2025-03-10 17:24:00
saku pilsner;500.0;4.2;Maxima;1.39;2025-01-09 17:24:00
saku pilsner;500.0;4.2;Rimi;1.49;2025-02-08 17:24:00
carlsberg pilsner hele õlu;3000.0;5.0;Hinnapomm;8.5;2025-11-05 10:24:00
carlsberg pilsner hele õlu;3000.0;5.0;Coop;9.59;2025-11-05 06:24:00
carlsberg pilsner hele õlu;3000.0;5.0;Prisma;11.39;2025-04-09 17:24:00
hele õlu taurus;1000.0;6.0;Maxima;2.84;2025-11-05 05:24:00
staropramen premium õlu;2000.0;5.0;Kaupmees;5.69;2025-11-05 09:24:00
staropramen premium õlu;2000.0;5.0;Selver;4.99;2024-09-11 17:24:00
staropramen premium õlu;2000.0;5.0;Prisma;6.39;2025-04-09 17:24:00
õlu karl friedrich;568.0;5.0;Rimi;9.79;2025-11-05 13:24:00
oettinger õlu pils hele;500.0;4.7;Kaupmees;1.44;2025-11-05 09:24:00
karl friedrich starkbier hele õlu;568.0;6.0;Hinnapomm;1.64;2025-11-05 10:24:00
karl friedrich starkbier hele õlu;568.0;6.0;Kaupmees;1.65;2025-11-05 09:24:00
karl friedrich starkbier hele õlu;568.0;6.0;Rimi;1.89;2025-11-05 13:24:00
karl friedrich starkbier hele õlu;568.0;6.0;Selver;1.92;2025-11-05 03:24:00
karl friedrich starkbier hele õlu;568.0;6.0;Coop;1.95;2025-11-05 06:24:00
karl friedrich starkbier hele õlu;568.0;6.0;Prisma;1.95;2025-04-09 17:24:00
õlu saku pilsner;500.0;4.2;Rimi;1.45;2025-11-05 13:24:00
õlu a.le coq pilsner;500.0;4.2;Rimi;1.45;2025-11-05 11:24:00
tanker õlu kerge ipa hele;500.0;5.2;Kaupmees;8.89;2025-11-05 09:24:00
tume õlu saku apels.-šokolaadi;500.0;6.0;Maxima;1.49;2025-11-05 05:24:00
hele õlu oktoobripruul a le coq;500.0;5.3;Maxima;1.49;2025-11-05 06:24:00
õlu saku rubiin;500.0;5.5;Rimi;1.49;2025-11-05 13:24:00
birra moretti õlu hele;500.0;4.6;Kaupmees;1.49;2025-11-05 09:24:00
hele õlu kronenbourg;500.0;5.0;Maxima;1.49;2025-11-05 05:24:00
õlu saku originaal talvelaager;500.0;5.3;Rimi;1.49;2025-11-05 11:24:00
õlu saku kuld;500.0;5.2;Rimi;1.49;2025-11-05 11:24:00
õlu estrella de levante;500.0;4.8;Maxima;1.49;2025-11-05 05:24:00
hele õlu alexander;568.0;5.2;Maxima;1.69;2025-11-05 05:24:00
nisuõlu kronenbourgblanc fruits;500.0;4.5;Maxima;1.49;2025-11-05 05:24:00
hele õlu estrella barcelona;500.0;4.6;Maxima;1.49;2025-11-05 05:24:00
hele õlu pilsner;500.0;4.2;Maxima;1.49;2025-11-05 05:24:00
a. le coq õlu oktoobripruul hele;500.0;5.3;Kaupmees;1.49;2025-11-05 09:24:00
a. le coq õlu oktoobripruul hele;500.0;5.3;Selver;2.09;2025-11-05 03:24:00
a. le coq õlu oktoobripruul hele;500.0;5.3;Prisma;1.89;2024-11-10 17:24:00
tume õlu saku porter;500.0;6.9;Maxima;1.49;2025-11-05 05:24:00
õlu scottish ale;330.0;5.2;Sumena;0.99;2025-11-05 09:24:00
karl friedrich hele õlu;330.0;5.0;Coop;0.99;2025-11-05 07:24:00
karl friedrich hele õlu;330.0;5.0;Prisma;1.39;2025-04-09 17:24:00
õlu saku talveporter;2000.0;6.9;Maxima;5.99;2025-11-03 17:24:00
õlu saku kuld;500.0;5.2;Rimi;8.99;2025-11-05 11:24:00
limburgse nisuõlu witte strawberry;330.0;4.2;Sumena;0.99;2025-11-05 09:24:00
limburgse nisuõlu witte strawberry;330.0;4.2;Kaupmees;1.04;None
õlu twisted thistle;330.0;5.6;Sumena;0.99;2025-11-05 09:24:00
saku õlu on ice õun & münt hele;330.0;4.0;Hinnapomm;0.99;2025-11-05 10:24:00
saku õlu on ice õun & münt hele;330.0;4.0;Kaupmees;1.38;2025-11-05 09:24:00
saku õlu on ice õun & münt hele;330.0;4.0;Selver;1.43;2025-11-05 03:24:00
hele õlu alexander;3000.0;5.2;Maxima;9.15;2025-11-05 05:25:00
saku on ice hele õlu;3960.0;5.0;Coop;12.19;2025-11-05 06:25:00
saku on ice hele õlu;3960.0;5.0;Selver;10.99;2024-12-10 17:25:00
saku on ice hele õlu;3960.0;5.0;Prisma;13.19;2025-04-09 17:25:00
õlu obolon svetloje;1000.0;4.5;Rimi;3.09;2025-11-05 13:25:00
chang õlu classic hele;320.0;5.0;Sumena;0.99;2025-11-05 09:25:00
chang õlu classic hele;320.0;5.0;Kaupmees;2.98;2025-11-05 09:25:00
õlu saku safiir;500.0;5.0;Rimi;1.55;2025-11-05 11:25:00
tume õlu amber city;500.0;5.6;Maxima;1.55;2025-11-05 05:25:00
nisuõlu amber city;500.0;5.0;Maxima;1.55;2025-11-05 05:25:00
hele õlu amber city;500.0;5.2;Maxima;1.55;2025-11-05 05:25:00
vilniaus õlu hele;500.0;5.2;Kaupmees;1.55;2025-11-05 09:25:00
õlu karl friedrich;568.0;5.0;Rimi;1.79;2025-11-05 12:25:00
õlu alexander;568.0;5.2;Rimi;1.79;2025-11-05 12:25:00
õlu karl friedrich märzen;568.0;5.0;Rimi;1.79;2025-11-05 11:25:00
õlu karl friedrich tsehhi lager;568.0;5.0;Rimi;1.79;2025-11-05 11:25:00
hele õlu karl friedrich;568.0;5.0;Maxima;1.79;2025-11-05 05:25:00
õlu alexander filtreerimata;568.0;5.0;Rimi;1.79;2025-11-05 11:25:00
h.õlu karl friedrich tšehhi lager;568.0;5.0;Maxima;1.79;2025-11-05 06:25:00
punan.õlu karl friedrich märzen;568.0;5.0;Maxima;1.79;2025-11-05 05:25:00
tume õlu alexander dunkel;568.0;4.2;Maxima;1.79;2025-11-05 05:25:00
õlu zlaty klicek;330.0;4.5;Rimi;1.05;2025-11-05 13:25:00
hele õlu grimbergen blonde;500.0;6.7;Maxima;1.59;2025-11-05 05:25:00
hele õlu alexander;500.0;5.2;Maxima;1.59;2025-11-05 05:25:00
õige full description õlu lapin kulta;500.0;5.2;Rimi;1.59;2025-11-05 11:25:00
õlu sandels;500.0;4.7;Rimi;1.59;2025-11-05 13:25:00
õlu saku talveporter;500.0;6.9;Maxima;1.59;2025-11-05 06:25:00
saku  kuld õlu;330.0;5.2;Coop;1.05;2025-11-05 07:25:00
saku  kuld õlu;330.0;5.2;Kaupmees;1.17;2025-11-05 09:25:00
saku  kuld õlu;330.0;5.2;Rimi;1.29;2025-11-05 11:25:00
saku  kuld õlu;330.0;5.2;Prisma;1.45;2024-10-11 17:25:00
hoegaarden õlu white hele;500.0;4.9;Kaupmees;1.59;2025-11-05 09:25:00
hoegaarden õlu white hele;500.0;4.9;Prisma;2.69;2025-04-09 17:25:00
hele õlu eichbaum pilsener;500.0;4.8;Maxima;1.59;2025-11-05 05:25:00
hele õlu grimbergen doub.amb.;500.0;6.5;Maxima;1.59;2025-11-05 05:25:00
õlu a.le coq premium;500.0;4.7;Rimi;9.65;2025-11-05 12:25:00
hele õlu premium select;355.0;4.3;Maxima;1.15;2025-11-05 05:25:00
õlu alexander;500.0;5.2;Rimi;1.62;2025-11-05 11:25:00
canis lupus õlu premium hele;500.0;4.6;Kaupmees;1.62;2025-11-05 09:25:00
õlu rock unikorn;568.0;5.3;Rimi;1.85;2025-11-05 13:25:00
õlu rock hopper;568.0;5.3;Rimi;1.85;2025-11-05 11:25:00
hele õlu rock hopper;568.0;5.3;Maxima;1.85;2025-11-05 05:25:00
õlu alexander unf;568.0;5.0;Maxima;1.85;2025-11-05 05:25:00
õlu rock unikorn;568.0;5.3;Maxima;1.85;2025-11-05 05:25:00
scotty west õlu original dark lager tume;568.0;5.0;Kaupmees;1.86;2025-11-05 09:25:00
hele õlu saku on ice;3960.0;5.0;Maxima;12.96;2025-11-05 05:25:00
scotty west õlu original lager hele;568.0;5.0;Kaupmees;1.86;2025-11-05 09:25:00
õlu tervete original;500.0;5.4;Rimi;1.65;2025-11-05 13:25:00
damm victoria malaga õlu;500.0;4.8;Kaupmees;1.65;2025-11-05 09:25:00
damm victoria malaga õlu;500.0;4.8;Selver;1.92;2025-11-05 03:25:00
damm victoria malaga õlu;500.0;4.8;Prisma;2.05;2025-04-09 17:25:00
alexander export õlu;330.0;5.2;Coop;1.09;2025-11-05 06:25:00
alexander export õlu;330.0;5.2;Prisma;1.45;2025-04-09 17:25:00
õlu zubr gold;500.0;4.6;Rimi;1.65;2025-11-05 13:25:00
õlu saare taar;500.0;4.2;Maxima;1.65;2025-11-05 05:25:00
estrella damm purk;500.0;4.6;Coop;1.65;2025-11-05 07:25:00
estrella damm purk;500.0;4.6;Kaupmees;1.65;2025-11-05 09:25:00
estrella damm purk;500.0;4.6;Prisma;2.05;2025-04-09 17:25:00
õlu saare taar;500.0;4.2;Rimi;1.65;2025-11-05 11:25:00
litovel õlu moravan hele;500.0;4.6;Kaupmees;1.66;2025-11-05 09:25:00
hele õlu karl friedrich stark.;568.0;6.0;Maxima;1.89;2025-11-05 05:25:00
a. le coq õlu premium hele;10000.0;4.7;Kaupmees;33.39;2025-11-05 09:25:00
õlu a. le coq premium select;355.0;4.3;Rimi;1.19;2025-11-05 11:25:00
õlu saku hele;500.0;5.2;Rimi;1.69;2025-11-05 11:25:00
õlu velkopopovicky kozel dark;500.0;3.8;Rimi;1.69;2025-11-05 13:25:00
hele õlu premium;500.0;4.7;Maxima;1.69;2025-11-05 05:25:00
erdinger dunkel õlu;500.0;5.3;Sumena;1.69;2025-11-05 10:25:00
tume õlu tõmmu hiid;500.0;4.7;Maxima;1.69;2025-11-05 05:25:00
õlu velkopopovicky kozel premium lager;500.0;4.6;Rimi;1.69;2025-11-05 13:25:00
õlu a.le coq premium;500.0;4.7;Rimi;1.69;2025-11-05 11:25:00
õlu karl friedrich;500.0;5.0;Rimi;1.69;2025-11-05 11:25:00
a. le coq õlu premium special eripruul hele;500.0;5.2;Kaupmees;1.69;2025-11-05 09:25:00
põhjala tume laager õlu;440.0;5.0;Kaupmees;1.49;2025-11-05 09:25:00
põhjala tume laager õlu;440.0;5.0;Coop;2.25;2025-11-05 08:25:00
põhjala tume laager õlu;440.0;5.0;Prisma;2.29;2025-04-09 17:25:00
õlu tanker kerge ipa;500.0;5.2;Rimi;10.19;2025-11-05 11:25:00
õlu tanker select lager;500.0;5.0;Rimi;10.19;2025-11-05 11:25:00
czech inn õlu original lager hele;500.0;4.7;Kaupmees;1.71;2025-11-05 09:25:00
czech inn õlu original dark tume;500.0;4.7;Kaupmees;1.71;2025-11-05 09:25:00
bitburger õlu premium pils hele;500.0;4.8;Kaupmees;1.71;2025-11-05 09:25:00
senojo vilniaus õlu hele;500.0;5.0;Kaupmees;1.72;2025-11-05 09:25:00
hele õlu saku hele;500.0;5.2;Maxima;1.72;2025-11-05 05:25:00
hele õlu lapin kulta;500.0;5.2;Maxima;1.72;2025-11-05 05:25:00
heineken õlu hele;30000.0;5.0;Kaupmees;103.66;2025-11-05 09:25:00
staropramen õlu premium hele;500.0;5.0;Kaupmees;1.74;2025-11-05 09:25:00
kronenbourg õlu;500.0;5.0;Kaupmees;1.75;2025-11-05 09:25:00
nisuõlu apostel dunkel;500.0;5.3;Maxima;1.75;2025-11-05 05:25:00
hele õlu double bock;500.0;7.0;Maxima;1.75;2025-11-05 05:25:00
nisuõlu apostel weissbier;500.0;5.3;Maxima;1.75;2025-11-05 05:25:00
hele õlu a.le coq special;500.0;5.2;Maxima;1.75;2025-11-05 05:25:00
hele õlu germania pilsner;500.0;4.8;Maxima;1.75;2025-11-05 05:25:00
karksi kloostriõlu hele õlu;500.0;5.0;Kaupmees;1.75;2025-11-05 09:25:00
karksi kloostriõlu hele õlu;500.0;5.0;Coop;2.09;2025-11-05 06:25:00
karksi kloostriõlu hele õlu;500.0;5.0;Sumena;1.19;2025-07-08 17:25:00
karksi kloostriõlu hele õlu;500.0;5.0;Selver;1.49;2024-12-10 17:25:00
karksi kloostriõlu hele õlu;500.0;5.0;Prisma;2.19;2025-04-09 17:25:00
karksi kuldne köster hele hele õlu;500.0;5.0;Kaupmees;1.75;2025-11-05 09:25:00
karksi kuldne köster hele hele õlu;500.0;5.0;Coop;2.09;2025-11-05 07:25:00
karksi kuldne köster hele hele õlu;500.0;5.0;Sumena;1.39;2025-07-08 17:25:00
karksi kuldne köster hele hele õlu;500.0;5.0;Prisma;1.59;2024-10-11 17:25:00
h.õlu saku originaal;500.0;4.7;Maxima;1.75;2025-11-05 05:25:00
hele õlu saku kuld;500.0;5.2;Maxima;1.75;2025-11-05 05:25:00
bavaria premium õlu;500.0;5.0;Maxima;1.75;2025-11-05 05:25:00
bavaria premium õlu;500.0;5.0;Kaupmees;1.79;2025-11-05 09:25:00
bavaria premium õlu;500.0;5.0;Coop;2.05;2025-11-05 08:25:00
bavaria premium õlu;500.0;5.0;Prisma;1.94;2025-04-09 17:25:00
karksi must nunn tume õlu;500.0;6.0;Kaupmees;1.75;2025-11-05 09:25:00
karksi must nunn tume õlu;500.0;6.0;Coop;2.09;2025-11-05 07:25:00
karksi must nunn tume õlu;500.0;6.0;Sumena;1.39;2025-08-07 17:25:00
õlu tõmmu hiid;500.0;4.7;Rimi;1.75;2025-11-05 11:25:00
kronenbourg;500.0;5.0;Coop;1.75;2025-11-05 07:25:00
nisuõlu eichbaum hefeweizen;500.0;5.2;Maxima;1.75;2025-11-05 05:25:00
saku õlu rubiin brown ale tume;500.0;5.5;Kaupmees;1.76;2025-11-05 09:25:00
saku õlu rubiin brown ale tume;500.0;5.5;Selver;1.82;2025-11-05 03:25:00
corona extra õlu;355.0;4.5;Hinnapomm;1.25;2025-11-05 10:25:00
corona extra õlu;355.0;4.5;Kaupmees;1.59;2025-11-05 09:25:00
corona extra õlu;355.0;4.5;Prisma;1.79;2025-04-09 17:25:00
staropramen unfiltered hele õlu;500.0;5.0;Kaupmees;1.77;2025-11-05 09:25:00
staropramen unfiltered hele õlu;500.0;5.0;Coop;2.25;2025-11-05 08:25:00
staropramen unfiltered hele õlu;500.0;5.0;Sumena;1.19;2025-01-09 17:25:00
damm õlu inedit damm hele;500.0;4.8;Kaupmees;1.79;2025-11-05 09:25:00
praga õlu premium pils hele;500.0;4.7;Kaupmees;1.79;2025-11-05 09:25:00
hele õlu zlata praha;500.0;4.7;Maxima;1.79;2025-11-05 05:25:00
hele õlu budweiser budvar;500.0;5.0;Maxima;1.79;2025-11-05 05:25:00
õlu double bock;500.0;7.0;Rimi;1.79;2025-11-05 11:25:00
a. le coq õlu premium special hele;500.0;5.2;Kaupmees;10.78;2025-11-05 09:25:00
õlu a.le coq special;500.0;5.2;Rimi;1.82;2025-11-05 11:25:00
punane õlu saku manchester;500.0;4.2;Maxima;1.82;2025-11-05 05:25:00
hele õlu carlsberg snapp.;3000.0;5.0;Maxima;10.99;2025-11-05 05:25:00
benediktiner nisuõlu weissbier;500.0;5.4;Kaupmees;1.84;2025-11-05 09:25:00
õllenaut tume õlu;500.0;4.9;Kaupmees;1.84;2025-11-05 09:25:00
õllenaut tume õlu;500.0;4.9;Prisma;1.89;2025-04-09 17:25:00
õllenaut õlu sauna alus hele;500.0;4.5;Kaupmees;1.84;2025-11-05 09:25:00
õllenaut ipa õlu;500.0;4.2;Kaupmees;1.84;2025-11-05 09:25:00
õllenaut ipa õlu;500.0;4.2;Coop;1.99;2025-11-05 08:25:00
õllenaut ipa õlu;500.0;4.2;Selver;1.82;2025-09-06 17:25:00
õllenaut ipa õlu;500.0;4.2;Prisma;1.89;2025-04-09 17:25:00
karksi õlu blond munk hele;500.0;6.0;Kaupmees;1.85;2025-11-05 09:26:00
grimbergen rouge intense õlu;500.0;5.5;Kaupmees;1.85;2025-11-05 09:26:00
grimbergen rouge intense õlu;500.0;5.5;Coop;2.49;2025-11-05 06:26:00
grimbergen rouge intense õlu;500.0;5.5;Prisma;2.55;2025-04-09 17:26:00
õlu tervetes sencu;500.0;4.5;Rimi;1.85;2025-11-05 13:26:00
grimbergen õlu blonde hele;500.0;6.7;Kaupmees;1.85;2025-11-05 09:26:00
tume õlu porter a.le coq;500.0;6.5;Maxima;1.85;2025-11-05 05:26:00
grimbergen õlu double ambree tume;500.0;6.5;Kaupmees;1.85;2025-11-05 09:26:00
krushovice royal õlu pale lager imperial hele;500.0;5.0;Kaupmees;1.85;2025-11-05 09:26:00
a.le coq porter tume õlu;500.0;6.5;Kaupmees;1.86;2025-11-05 09:26:00
a.le coq porter tume õlu;500.0;6.5;Selver;1.96;2025-11-05 03:26:00
a.le coq porter tume õlu;500.0;6.5;Coop;1.99;2025-11-05 07:26:00
a.le coq porter tume õlu;500.0;6.5;Hinnapomm;1.67;2025-10-15 17:26:00
a.le coq porter tume õlu;500.0;6.5;Prisma;2.05;2025-04-09 17:26:00
õlu väike sass;330.0;4.8;Rimi;7.39;2025-11-05 11:26:00
warsteiner gold õlu;500.0;5.2;Kaupmees;1.87;2025-11-05 09:26:00
warsteiner gold õlu;500.0;5.2;Coop;1.99;2025-11-05 08:26:00
warsteiner gold õlu;500.0;5.2;Selver;2.02;2025-11-05 03:26:00
warsteiner gold õlu;500.0;5.2;Prisma;2.09;2025-04-09 17:26:00
hele õlu saku safiir;500.0;5.0;Maxima;1.88;2025-11-05 05:26:00
schöfferhofer dunkel õlu;500.0;5.0;Kaupmees;1.88;2025-11-05 09:26:00
schöfferhofer dunkel õlu;500.0;5.0;Prisma;2.09;2024-04-14 17:26:00
budweiser budvar lager hele õlu;500.0;5.0;Kaupmees;1.88;2025-11-05 09:26:00
budweiser budvar lager hele õlu;500.0;5.0;Coop;2.59;2025-11-05 06:26:00
budweiser budvar lager hele õlu;500.0;5.0;Prisma;2.59;2025-04-09 17:26:00
hele õlu karl friedrich;500.0;5.0;Maxima;1.88;2025-11-05 05:26:00
schöfferhofer kristallweizen õlu;330.0;5.0;Kaupmees;1.88;2025-11-05 09:26:00
schöfferhofer kristallweizen õlu;330.0;5.0;Prisma;2.09;2024-09-11 17:26:00
õlu miller genuine draft;500.0;4.7;Rimi;1.89;2025-11-05 13:26:00
hele õlu warsteiner premium;500.0;4.8;Maxima;1.89;2025-11-05 05:26:00
õlu a.le coq porter;500.0;6.5;Rimi;1.89;2025-11-05 11:26:00
õlu obolon barhatnoje;1000.0;5.3;Rimi;3.79;2025-11-05 11:26:00
bitburger õlu premium pils hele;5000.0;4.8;Kaupmees;19.11;2025-11-05 09:26:00
tume õlu saku tume;500.0;6.7;Maxima;1.92;2025-11-05 05:26:00
õlu põhjala laager;440.0;4.7;Rimi;1.69;2025-11-05 11:26:00
krombacher õlu pils original hele;500.0;4.8;Kaupmees;1.93;2025-11-05 09:26:00
h.õlu kronenbourg;7920.0;5.0;Maxima;30.58;2025-11-05 05:26:00
õlu saku porter;500.0;6.9;Rimi;1.95;2025-11-05 12:26:00
õlu saku tume;500.0;6.7;Rimi;1.95;2025-11-05 11:26:00
tume õlu eichbaum red beer;500.0;5.9;Maxima;1.95;2025-11-05 05:26:00
hele õlu oettinger pils;500.0;4.7;Maxima;1.95;2025-11-05 05:26:00
heineken hele õlu;330.0;5.0;Coop;1.29;2025-11-05 06:26:00
heineken hele õlu;330.0;5.0;Prisma;1.89;2025-04-09 17:26:00
velkopopovisky kozel dark;500.0;3.8;Kaupmees;1.96;2025-11-05 09:26:00
velkopopovisky kozel dark;500.0;3.8;Prisma;1.89;2025-04-09 17:26:00
velkopopovicky kozel õlu premium lager hele;500.0;4.6;Kaupmees;1.96;2025-11-05 09:26:00
spaten hell õlu;500.0;5.2;Kaupmees;1.98;2025-11-05 09:26:00
spaten hell õlu;500.0;5.2;Prisma;2.99;2025-04-09 17:26:00
bayreuther hell õlu hele;500.0;4.9;Kaupmees;1.98;2025-11-05 09:26:00
velkopopovicky kozel premium hele õlu;500.0;4.8;Kaupmees;1.98;2025-11-05 09:26:00
velkopopovicky kozel premium hele õlu;500.0;4.8;Coop;1.79;2022-05-25 17:26:00
a. le coq õlu premium hele;30000.0;4.7;Kaupmees;118.92;2025-11-05 09:26:00
õlu saku origin.talvelaager;500.0;5.3;Maxima;1.99;2025-11-05 05:26:00
pilsner urquell hele õlu;500.0;4.4;Coop;1.99;2025-11-05 07:26:00
pilsner urquell hele õlu;500.0;4.4;Prisma;2.55;2025-04-09 17:26:00
õlu paulaner münchener hell;500.0;4.9;Maxima;1.99;2025-11-05 05:26:00
õlu carlsberg hele;500.0;5.0;Rimi;1.99;2025-11-05 11:26:00
a.le coq imperial gold hele õlu;400.0;4.8;Kaupmees;1.61;2025-11-05 09:26:00
a.le coq imperial gold hele õlu;400.0;4.8;Coop;1.69;2025-11-05 07:26:00
a.le coq imperial gold hele õlu;400.0;4.8;Selver;1.73;2024-04-14 17:26:00
a.le coq imperial gold hele õlu;400.0;4.8;Prisma;1.79;2025-04-09 17:26:00
krombacher hell õlu;500.0;5.0;Kaupmees;2.02;2025-11-05 09:26:00
krombacher hell õlu;500.0;5.0;Maxima;2.25;2025-11-05 05:26:00
krombacher hell õlu;500.0;5.0;Prisma;2.39;2025-04-09 17:26:00
õlu kronenbourg;500.0;5.0;Rimi;12.19;2025-11-05 13:26:00
h.õlu kronenbourg;3000.0;5.0;Maxima;12.19;2025-11-05 05:26:00
õlu saku on ice;330.0;5.0;Rimi;1.35;2025-11-05 13:26:00
õlu õllenaut hele;500.0;4.9;Rimi;2.05;2025-11-05 13:26:00
õlu estrella damm;500.0;4.6;Rimi;2.05;2025-11-05 11:26:00
h.õlu berliner kindl pilsener;500.0;5.1;Maxima;2.05;2025-11-05 05:26:00
tume õlu eichbaum extra stout;500.0;7.5;Maxima;2.05;2025-11-05 05:26:00
õlu bitburger premium pils;500.0;4.8;Maxima;2.05;2025-11-05 05:26:00
st. pierre wit õlu;500.0;5.0;Kaupmees;2.07;2025-11-05 09:26:00
st. pierre wit õlu;500.0;5.0;Maxima;2.49;2025-11-05 05:26:00
st. pierre wit õlu;500.0;5.0;Prisma;2.29;2025-04-09 17:26:00
krombacher õlu weizen hele;500.0;5.3;Kaupmees;2.08;2025-11-05 09:26:00
st. pierre blond õlu;500.0;6.5;Kaupmees;2.08;2025-11-05 09:26:00
st. pierre blond õlu;500.0;6.5;Prisma;2.29;2025-04-09 17:26:00
saku õlu originaal hele;30000.0;4.7;Kaupmees;125.02;2025-11-05 09:26:00
õlu warsteiner;500.0;4.8;Rimi;2.09;2025-11-05 11:26:00
õlu staropramen premium;500.0;5.0;Rimi;2.09;2025-11-05 13:26:00
õlu estrella de levante;500.0;4.8;Rimi;2.09;2025-11-05 13:26:00
põhjala laager õlu;2640.0;4.7;Kaupmees;11.04;2025-11-05 09:26:00
põhjala laager õlu;2640.0;4.7;Prisma;9.59;2024-09-11 17:26:00
hele õlu staropramen granat;500.0;4.8;Maxima;2.09;2025-11-05 05:26:00
õlu birra moretti;500.0;4.6;Rimi;2.09;2025-11-05 11:26:00
hele õlu staropramen prem.;500.0;5.0;Maxima;2.09;2025-11-05 05:26:00
hele õlu staropramen unfilt.;500.0;5.0;Maxima;2.09;2025-11-05 05:26:00
hele õlu corona extra;355.0;4.5;Maxima;1.49;2025-11-05 05:26:00
põhjala õlu kask laager hele;440.0;5.0;Kaupmees;1.85;2025-11-05 09:26:00
õlu extra lime;330.0;4.0;Rimi;1.39;2025-11-05 13:26:00
jever pilsner õlu;330.0;5.0;Kaupmees;1.39;2025-11-05 08:26:00
jever pilsner õlu;330.0;5.0;Prisma;1.74;2025-04-09 17:26:00
dab õlu original export hele;330.0;5.0;Kaupmees;1.39;2025-11-05 09:26:00
õlu saku on ice;330.0;5.0;Rimi;1.39;2025-11-05 12:26:00
õlu tuborg green;330.0;4.6;Rimi;1.39;2025-11-05 11:26:00
õlu väike sass;330.0;4.8;Rimi;1.39;2025-11-05 13:26:00
radeberger õlu pilsner hele;330.0;4.8;Kaupmees;1.39;2025-11-05 09:26:00
õlu extra ginger;330.0;4.0;Rimi;1.39;2025-11-05 13:26:00
singha lager õlu;330.0;5.0;Kaupmees;1.39;2025-11-05 09:26:00
singha lager õlu;330.0;5.0;Prisma;2.35;2025-04-09 17:26:00
hele õlu a.le coq imperial gold;400.0;4.8;Maxima;1.69;2025-11-05 05:26:00
kirsiõlu karksi;500.0;4.6;Maxima;2.12;2025-11-05 05:26:00
t.õlu gubernija brown ale;568.0;5.9;Maxima;2.43;2025-11-05 05:26:00
h.õlu gubernija pilsner;568.0;4.6;Maxima;2.43;2025-11-05 05:26:00
õlu saku kirsi-martsipanimaitseline tume;500.0;6.0;Rimi;2.15;2025-11-05 13:26:00
õlu heineken;500.0;5.0;Rimi;2.15;2025-11-05 13:26:00
õlu tervetes;500.0;5.3;Rimi;2.15;2025-11-05 13:26:00
hele õlu birra moretti;500.0;4.6;Maxima;2.15;2025-11-05 05:26:00
õlu saku apelsini-šokolaadi tume;500.0;6.0;Rimi;2.15;2025-11-05 11:26:00
hele õlu tuborg green;1980.0;4.6;Maxima;8.53;2025-11-05 05:26:00
kapuziner nisuõlu hefe weissbier naturtrüb hele;500.0;5.4;Kaupmees;2.16;2025-11-05 09:26:00
õlu tuborg;330.0;4.6;Rimi;8.59;2025-11-05 11:26:00
õlu kronenbourg;500.0;4.5;Rimi;2.19;2025-11-05 13:26:00
paulaner õlu original münchner hele;500.0;4.9;Kaupmees;2.19;2025-11-05 09:26:00
franziskaner hefe-weissbier hele õlu;500.0;5.0;Selver;2.19;2025-11-05 03:26:00
franziskaner hefe-weissbier hele õlu;500.0;5.0;Kaupmees;2.65;2025-11-05 09:26:00
franziskaner hefe-weissbier hele õlu;500.0;5.0;Coop;2.99;2025-11-05 07:26:00
franziskaner hefe-weissbier hele õlu;500.0;5.0;Prisma;3.05;2025-04-09 17:26:00
õlu oktoobripruul a. le coq;500.0;5.3;Rimi;2.19;2025-11-05 11:26:00
õlu warsteiner brewers gold;500.0;5.2;Rimi;2.19;2025-11-05 11:26:00
natakhtari õlu gold hele;500.0;5.0;Kaupmees;2.19;2025-11-05 09:26:00
õlu benediktiner weissbier;500.0;5.4;Maxima;2.19;2025-11-05 05:26:00
hele õlu rock ipa;330.0;6.0;Maxima;1.45;2025-11-05 05:26:00
õlu a. le coq extra ananass;330.0;4.0;Rimi;1.45;2025-11-05 13:26:00
õlu a. le coq extra ananass;330.0;4.0;Maxima;1.45;2025-11-05 05:26:00
grimbergen õlu double ambree tume;7920.0;6.5;Kaupmees;34.91;2025-11-05 09:26:00
budweiser budvar dark õlu;500.0;4.7;Kaupmees;2.21;2025-11-05 09:26:00
budweiser budvar dark õlu;500.0;4.7;Maxima;2.65;2025-11-05 05:26:00
budweiser budvar dark õlu;500.0;4.7;Prisma;2.55;2025-04-09 17:26:00
hele õlu tuborg green;330.0;4.6;Maxima;1.47;2025-11-05 05:26:00
budweiser õlu budvar lager hele;500.0;5.0;Kaupmees;2.24;2025-11-05 09:26:00
purtse classic series brown ale õlu;440.0;5.5;Kaupmees;1.98;2025-11-05 09:26:00
purtse classic series brown ale õlu;440.0;5.5;Prisma;2.99;2025-04-09 17:26:00
hele õlu warsteiner premium;500.0;4.8;Maxima;2.25;2025-11-05 05:26:00
õlu staropramen granat;500.0;4.8;Rimi;2.25;2025-11-05 13:26:00
õlu karksi blond munk;500.0;6.0;Rimi;2.25;2025-11-05 11:26:00
hele õlu blond munk;500.0;6.0;Maxima;2.25;2025-11-05 05:26:00
tume õlu must nunn;500.0;6.0;Maxima;2.25;2025-11-05 05:26:00
õlu karksi must nunn;500.0;6.0;Rimi;2.25;2025-11-05 11:26:00
nisuõlu schöfferhofer;500.0;5.0;Maxima;2.25;2025-11-05 05:26:00
purtse classic series czech pilsner õlu;440.0;4.5;Kaupmees;1.98;2025-11-05 09:26:00
purtse classic series czech pilsner õlu;440.0;4.5;Prisma;2.99;2025-04-09 17:26:00
õlu staropramen unfiltered;500.0;5.0;Rimi;2.25;2025-11-05 13:26:00
õlu karksi kloostriõlu;500.0;5.0;Rimi;2.25;2025-11-05 13:26:00
hösl õlu lager hell hele;500.0;4.9;Kaupmees;2.26;2025-11-05 09:26:00
õlu octopus blond;330.0;6.0;Sumena;1.49;2025-11-05 09:26:00
õlu rock ipa;330.0;6.0;Rimi;1.49;2025-11-05 13:27:00
corona extra õlu;330.0;4.5;Kaupmees;1.49;2025-11-05 09:27:00
corona extra õlu;330.0;4.5;Prisma;1.59;2025-04-09 17:27:00
corona extra õlu;330.0;4.5;Maxima;1.59;2024-12-10 17:27:00
löwenbräu õlu original hele;500.0;5.2;Kaupmees;2.26;2025-11-05 09:27:00
bitburger õlu premium pils hele;330.0;4.8;Sumena;1.49;2025-11-05 09:27:00
bitburger õlu premium pils hele;330.0;4.8;Kaupmees;1.69;2025-11-05 09:27:00
põhjala saturnus hazy pale ale õlu;440.0;5.0;Selver;1.99;2025-11-05 03:27:00
põhjala saturnus hazy pale ale õlu;440.0;5.0;Kaupmees;2.77;2025-11-05 09:27:00
põhjala saturnus hazy pale ale õlu;440.0;5.0;Prisma;2.99;2025-04-09 17:27:00
hösl õlu mein helles hele;500.0;4.8;Kaupmees;2.26;2025-11-05 09:27:00
saku originaal hele õlu;330.0;4.7;Kaupmees;1.49;2025-11-05 09:27:00
saku originaal hele õlu;330.0;4.7;Coop;1.55;2025-11-05 08:27:00
saku originaal hele õlu;330.0;4.7;Prisma;1.39;2025-04-09 17:27:00
maisel's weisse nisuõlu original hele;500.0;5.1;Kaupmees;2.26;2025-11-05 09:27:00
hacker pschorr kellerbier õlu;500.0;5.5;Kaupmees;2.29;2025-11-05 09:27:00
hacker pschorr kellerbier õlu;500.0;5.5;Prisma;2.69;2024-09-11 17:27:00
õlu krombacher hell;500.0;5.0;Rimi;2.29;2025-11-05 13:27:00
hele õlu karksi blond munk;500.0;6.0;Maxima;2.29;2025-11-05 05:27:00
õlu saku talveporter;500.0;6.9;Rimi;2.29;2025-11-05 13:27:00
hele õlu kronenbourg lag.;500.0;5.0;Maxima;2.29;2025-11-05 05:27:00
õlu pilsner urquell;500.0;4.4;Rimi;2.29;2025-11-05 13:27:00
õlu kronenbourg;500.0;5.0;Rimi;2.29;2025-11-05 11:27:00
leffe blonde õlu hele;500.0;6.6;Hinnapomm;2.33;2025-11-05 10:27:00
leffe blonde õlu hele;500.0;6.6;Kaupmees;2.6;2025-11-05 09:27:00
saku õlu kuld hele;330.0;5.2;Kaupmees;1.54;2025-11-05 09:27:00
õlu gubernija traditional b.;568.0;6.0;Maxima;2.65;2025-11-05 05:27:00
õlu staropramen;500.0;5.0;Rimi;2.35;2025-11-05 11:27:00
menabrea õlu premium lager bionda hele;660.0;4.8;Kaupmees;3.1;2025-11-05 09:27:00
estrella damm õlu hele;330.0;4.6;Kaupmees;1.55;2025-11-05 09:27:00
saku õlu kuld hele;30000.0;5.2;Kaupmees;141.29;2025-11-05 09:27:00
benediktiner õlu hell hele;500.0;5.0;Kaupmees;2.36;2025-11-05 09:27:00
paulaner õlu münchen lemon radler hele;500.0;2.5;Kaupmees;2.36;2025-11-05 09:27:00
õlu gubernija ekstra lager;568.0;5.2;Maxima;2.69;2025-11-05 05:27:00
hele õlu kozel premium lager;500.0;4.6;Maxima;2.39;2025-11-05 05:27:00
nisuõlu krombacher weizen;500.0;5.3;Maxima;2.39;2025-11-05 05:27:00
t.õlu velkopopovicky kozel;500.0;3.8;Maxima;2.39;2025-11-05 05:27:00
õlu grimbergen blonde;500.0;6.7;Rimi;2.39;2025-11-05 11:27:00
õlu krombacher weizen;500.0;5.3;Rimi;2.39;2025-11-05 13:27:00
saku õlu rock hele;15000.0;5.3;Kaupmees;72.16;2025-11-05 09:27:00
õlu asahi super dry;330.0;5.0;Sumena;1.59;2025-11-05 10:27:00
tennents;500.0;5.0;Kaupmees;2.41;2025-11-05 09:27:00
tennents;500.0;5.0;Prisma;1.89;2024-04-14 17:27:00
tennents;500.0;5.0;Coop;2.19;2025-04-09 17:27:00
h.õlu troll brew stormy nepa;330.0;6.0;Maxima;1.59;2025-11-05 05:27:00
heineken õlu hele;330.0;5.0;Kaupmees;1.6;2025-11-05 09:27:00
õlu st. pierre dubbel;500.0;6.5;Rimi;2.45;2025-11-05 13:27:00
õlu st. pierre blond;500.0;6.5;Rimi;2.45;2025-11-05 11:27:00
õlu blue moon;500.0;5.4;Rimi;2.45;2025-11-05 13:27:00
õlu damm inedit;500.0;4.8;Maxima;2.45;2025-11-05 05:27:00
õlu krusovice imperial;500.0;5.0;Rimi;2.45;2025-11-05 11:27:00
õlu st. pierre wit;500.0;5.0;Rimi;2.45;2025-11-05 13:27:00
a.le coq imperial extra double stout tume õlu;400.0;7.0;Kaupmees;1.98;2025-11-05 09:27:00
a.le coq imperial extra double stout tume õlu;400.0;7.0;Selver;2.08;2025-11-05 03:27:00
a.le coq imperial extra double stout tume õlu;400.0;7.0;Coop;2.09;2025-11-05 07:27:00
a.le coq imperial extra double stout tume õlu;400.0;7.0;Prisma;2.19;2025-04-09 17:27:00
bistrampolio hele õlu;1000.0;5.0;Kaupmees;4.96;2025-11-05 09:27:00
bistrampolio hele õlu;1000.0;5.0;Coop;5.79;2025-11-05 06:27:00
õlu imperial extra double stout;400.0;7.0;Rimi;1.99;2025-11-05 11:27:00
õlu a.le coq jõuluporter;500.0;6.5;Rimi;2.49;2025-11-05 11:27:00
tume õlu põhjala laager;440.0;5.0;Maxima;2.19;2025-11-05 05:27:00
õlu grimbergen double ambree;500.0;6.5;Rimi;2.49;2025-11-05 10:27:00
grimbergen double ambree tume õlu;500.0;6.5;Coop;2.49;2025-11-05 06:27:00
tume õlu st.pierre brune;500.0;6.5;Maxima;2.49;2025-11-05 05:27:00
hele õlu grimbergen rouge in.;500.0;5.5;Maxima;2.49;2025-11-05 05:27:00
hiiumaa pruulikoda õlu suvetuul hele;440.0;5.2;Kaupmees;2.19;2025-11-05 09:27:00
hiiumaa pruulikoda õlu paradiis pilsner hele;440.0;4.6;Kaupmees;2.19;2025-11-05 09:27:00
hiiumaa pruulikoda õlu ehapuna punane;440.0;4.5;Kaupmees;2.19;2025-11-05 09:27:00
hele õlu st.pierre blond;500.0;6.5;Maxima;2.49;2025-11-05 05:27:00
hiiumaa pruulikoda õlu tõrvanina tume;440.0;5.4;Kaupmees;2.19;2025-11-05 09:27:00
õlu grimbergen rouge intense;500.0;5.5;Rimi;2.49;2025-11-05 13:27:00
purtse õlu leopõld belgian blond ale;440.0;6.4;Kaupmees;2.19;2025-11-05 09:27:00
õlu a.le coq jõuluporter;500.0;6.5;Rimi;9.99;2025-11-05 13:27:00
paulaner hefe weisbier õlu;500.0;5.5;Kaupmees;2.5;2025-11-05 09:27:00
paulaner hefe weisbier õlu;500.0;5.5;Prisma;2.49;2024-04-14 17:27:00
kayaki õlu easy beer hele;500.0;4.7;Kaupmees;2.5;2025-11-05 09:27:00
stella artois premium õlu;330.0;5.0;Hinnapomm;1.66;2025-11-05 10:27:00
stella artois premium õlu;330.0;5.0;Kaupmees;1.96;2025-11-05 09:27:00
stella artois premium õlu;330.0;5.0;Maxima;1.99;2025-11-05 05:27:00
stella artois premium õlu;330.0;5.0;Selver;2.05;2025-11-05 03:27:00
stella artois premium õlu;330.0;5.0;Prisma;2.19;2025-04-09 17:27:00
hiiumaa pruulikoda õlu paradiis hele;500.0;4.6;Kaupmees;2.53;2025-11-05 09:27:00
hiiumaa pruulikoda õlu tõrvanina tume;500.0;5.4;Kaupmees;2.53;2025-11-05 09:27:00
hiiumaa pruulikoda õlu suvetuul hele;500.0;5.2;Kaupmees;2.53;2025-11-05 09:27:00
hiiumaa pruulikoda õlu ehapuna punane;500.0;4.5;Kaupmees;2.53;2025-11-05 09:27:00
budweiser õlu budvar lager hele;330.0;5.0;Kaupmees;1.67;2025-11-05 09:27:00
erdinger õlu oktoberfest;500.0;5.7;Kaupmees;2.55;2025-11-05 09:27:00
õlu krombacher pils;500.0;4.8;Rimi;2.55;2025-11-05 13:27:00
hele õlu estrella galicia;500.0;5.5;Maxima;2.55;2025-11-05 05:27:00
hele õlu nastro azzuro peroni;500.0;5.0;Maxima;2.55;2025-11-05 05:27:00
õlu oettinger pils;500.0;4.7;Rimi;2.55;2025-11-05 13:27:00
õlu krombacher pils;500.0;4.8;Maxima;2.55;2025-11-05 05:27:00
hele õlu põhjala laager;440.0;4.7;Maxima;2.25;2025-11-05 05:27:00
alk.v.õlu põhjala laager;440.0;0.5;Maxima;2.25;2025-11-05 05:27:00
tume õlu imperial doub.stout;400.0;7.0;Maxima;2.05;2025-11-05 05:27:00
leffe brune õlu;500.0;6.5;Kaupmees;2.59;2025-11-05 09:27:00
leffe brune õlu;500.0;6.5;Hinnapomm;2.32;None
leffe brune õlu;500.0;6.5;Selver;2.69;2025-07-08 17:27:00
leffe brune õlu;500.0;6.5;Prisma;2.79;2025-04-09 17:27:00
õlu estrella galicia;500.0;5.5;Rimi;2.59;2025-11-05 13:27:00
õlu löwenbräu original;500.0;5.2;Rimi;2.59;2025-11-05 13:27:00
valmiermuiža õlu pilsner hele;500.0;4.6;Kaupmees;2.59;2025-11-05 09:27:00
kanepiõlu;1000.0;5.0;Kaupmees;5.2;2025-11-05 09:27:00
kanepiõlu;1000.0;5.0;Coop;5.79;2025-11-05 06:27:00
kanepiõlu;1000.0;5.0;Prisma;5.59;2025-04-09 17:27:00
corona extra õlu;1980.0;4.5;Coop;10.29;2025-11-05 06:27:00
corona extra õlu;1980.0;4.5;Prisma;9.09;2025-04-09 17:27:00
õlu corona extra;355.0;4.5;Rimi;1.85;2025-11-05 11:27:00
hele õlu tuborg lime cut;330.0;4.5;Maxima;1.72;2025-11-05 05:27:00
hele õlu pilsner urquell;500.0;4.4;Maxima;2.63;2025-11-05 05:27:00
birra italia õlu;330.0;4.6;Kaupmees;1.74;2025-11-05 09:27:00
birra italia õlu;330.0;4.6;Prisma;1.79;2024-09-11 17:27:00
õlu a. le coq premium fest hele;275.0;5.0;Rimi;1.45;2025-11-05 13:27:00
tume õlu leffe brune;500.0;6.5;Maxima;2.65;2025-11-05 05:27:00
õlu leffe brune;500.0;6.5;Rimi;2.65;2025-11-05 11:27:00
landbier õlu original hele;500.0;5.3;Kaupmees;2.67;2025-11-05 09:27:00
põhjala õlu värske laager hele;440.0;5.0;Kaupmees;2.36;2025-11-05 09:27:00
valmiermuiža õlu baltic amber lager hele;500.0;5.2;Kaupmees;2.69;2025-11-05 09:27:00
leffe brune tume õlu;500.0;6.5;Coop;2.69;2025-11-05 07:27:00
leffe brune tume õlu;500.0;6.5;Selver;1.79;2024-01-15 17:27:00
leffe brune tume õlu;500.0;6.5;Prisma;2.43;2024-01-15 17:27:00
hele õlu budweiser budvar;500.0;5.0;Maxima;2.69;2025-11-05 05:27:00
hele õlu leffe blonde;500.0;6.6;Maxima;2.69;2025-11-05 05:27:00
õlu solveza agave & lemon beer;330.0;6.0;Rimi;1.79;2025-11-05 13:27:00
a. k. damm õlu hele;330.0;4.8;Kaupmees;1.79;2025-11-05 09:27:00
purtse pale ale õlu;330.0;5.5;Kaupmees;1.79;2025-11-05 09:27:00
purtse pale ale õlu;330.0;5.5;Prisma;2.54;2025-04-09 17:27:00
tanker normal beer hele õlu;440.0;5.0;Kaupmees;2.41;2025-11-05 09:27:00
tanker normal beer hele õlu;440.0;5.0;Maxima;2.55;2023-11-16 17:27:00
tanker normal beer hele õlu;440.0;5.0;Coop;2.79;None
paulaner weissbier dunkel tume õlu;500.0;5.3;Kaupmees;2.74;2025-11-05 09:27:00
paulaner weissbier dunkel tume õlu;500.0;5.3;Prisma;2.59;2024-04-14 17:27:00
birra moretti õlu hele;330.0;4.6;Kaupmees;1.81;2025-11-05 09:27:00
bistrampolio hele õlu;500.0;5.0;Coop;2.75;2025-11-05 06:27:00
õlu leffe blonde;500.0;6.6;Rimi;2.75;2025-11-05 11:27:00
hele õlu kronenbourg;330.0;5.0;Maxima;1.82;2025-11-05 05:27:00
hacker-pschorr õlu münchner gold hele;500.0;5.5;Kaupmees;2.77;2025-11-05 09:27:00
õllenaut sauna alus hele õlu;330.0;4.5;Kaupmees;1.84;2025-11-05 09:27:00
õllenaut sauna alus hele õlu;330.0;4.5;Coop;2.45;2022-06-24 17:27:00
õllenaut sauna alus hele õlu;330.0;4.5;Prisma;2.79;2023-10-17 17:27:00
valmiermuiža õlu baltic dark lager tume;500.0;5.8;Kaupmees;2.79;2025-11-05 09:27:00
õlu pilsner urquell;500.0;4.4;Rimi;2.79;2025-11-05 11:27:00
õllenaut eesti rukki eil hele õlu;330.0;5.3;Kaupmees;1.84;2025-11-05 09:27:00
õllenaut eesti rukki eil hele õlu;330.0;5.3;Coop;2.15;2021-12-26 17:27:00
õlu kronenbourg;330.0;5.0;Rimi;1.85;2025-11-05 13:27:00
õlu põhjala värske;440.0;5.0;Rimi;2.49;2025-11-05 13:27:00
õlu põhjala saturnus;440.0;5.0;Rimi;2.49;2025-11-05 13:28:00
grevensteiner õlu original hele;500.0;5.2;Kaupmees;2.84;2025-11-05 09:28:00
grevensteiner õlu helles hele;500.0;5.2;Kaupmees;2.84;2025-11-05 09:28:00
gotlands õlu sleepy bulldog pale ale hele;330.0;4.8;Kaupmees;1.88;2025-11-05 09:28:00
õlu kloostriõlu valmiermuiža;500.0;6.7;Rimi;2.85;2025-11-05 13:28:00
anderson's õlu pilsner hele;330.0;4.7;Kaupmees;1.88;2025-11-05 09:28:00
kingfisher õlu premium hele;330.0;4.8;Kaupmees;1.88;2025-11-05 09:28:00
anderson vaskne märzen hele õlu;330.0;5.5;Kaupmees;1.88;2025-11-05 09:28:00
anderson vaskne märzen hele õlu;330.0;5.5;Prisma;1.89;2024-09-11 17:28:00
h.õlu troll brew strong bock;330.0;7.9;Maxima;1.89;2025-11-05 05:28:00
h.õlu troll brew fantastic ipa;330.0;7.8;Maxima;1.89;2025-11-05 05:28:00
õlu guinness original;330.0;5.0;Rimi;1.89;2025-11-05 11:28:00
tume õlu guinness original;330.0;5.0;Maxima;1.89;2025-11-05 05:28:00
hele õlu heineken;330.0;5.0;Maxima;1.89;2025-11-05 05:28:00
õlu sol;330.0;4.5;Rimi;1.89;2025-11-05 11:28:00
õlu heineken;330.0;5.0;Rimi;1.89;2025-11-05 13:28:00
õlu porter piparkoogi a.lecoq;500.0;6.5;Maxima;2.89;2025-11-05 05:28:00
õlu a. le coq šerry porter;500.0;6.5;Maxima;2.89;2025-11-05 05:28:00
kirin ichiban õlu hele;330.0;5.0;Kaupmees;1.91;2025-11-05 09:28:00
mönchshof lager hele õlu;500.0;4.9;Kaupmees;2.93;2025-11-05 09:28:00
mönchshof lager hele õlu;500.0;4.9;Prisma;3.29;2025-04-09 17:28:00
mönchshof bayerisch hell hele õlu;500.0;4.9;Kaupmees;2.93;2025-11-05 09:28:00
mönchshof bayerisch hell hele õlu;500.0;4.9;Prisma;3.29;2025-04-09 17:28:00
õlu suvetuul hiiumaa pruulikoda;440.0;5.2;Rimi;2.59;2025-11-05 13:28:00
õlu ehapuna hiiumaa pruulikoda;440.0;4.5;Rimi;2.59;2025-11-05 13:28:00
hele õlu põhjala kask;440.0;5.0;Maxima;2.59;2025-11-05 05:28:00
õlu paradiis hiiumaa pruulikoda;440.0;4.6;Rimi;2.59;2025-11-05 13:28:00
õlu salitos tequila;500.0;5.9;Rimi;2.95;2025-11-05 13:28:00
õlu spaten hell;500.0;5.2;Rimi;2.95;2025-11-05 13:28:00
mönchshof õlu bockbier tume;500.0;6.9;Kaupmees;2.95;2025-11-05 09:28:00
õlu damm complot ipa;330.0;6.6;Maxima;1.95;2025-11-05 05:28:00
pühaste õlu;330.0;4.8;Kaupmees;1.97;2025-11-05 09:28:00
õlu le coq šerri porter;500.0;6.5;Rimi;2.99;2025-11-05 11:28:00
õlu a. le coq piparkoogi porter;500.0;6.5;Rimi;2.99;2025-11-05 11:28:00
schöfferhofer nisuõlu weissbier;2500.0;5.0;Kaupmees;14.95;2025-11-05 09:28:00
schneider's bayrisch hell õlu;500.0;4.9;Kaupmees;3.0;2025-11-05 09:28:00
schneider's bayrisch hell õlu;500.0;4.9;Prisma;3.49;2025-04-09 17:28:00
õlu budweiser budvar;330.0;5.0;Maxima;1.99;2025-11-05 05:28:00
õlu rubus framboise;330.0;7.0;Sumena;1.99;2025-11-05 09:28:00
nisuõlu paulaner weisbier;500.0;5.5;Maxima;3.04;2025-11-05 05:28:00
pühaste õlu werner lager hele;330.0;5.5;Kaupmees;2.01;2025-11-05 09:28:00
menabrea õlu unfiltered hele;330.0;5.2;Kaupmees;2.02;2025-11-05 09:28:00
õlu baltic porter;750.0;6.0;Rimi;4.59;2025-11-05 11:28:00
menabrea õlu premium lager hele;330.0;4.8;Kaupmees;2.02;2025-11-05 09:28:00
õlu valmiermuiža hele;500.0;5.2;Rimi;3.09;2025-11-05 13:28:00
pühaste simone õlu;330.0;4.9;Kaupmees;2.05;2025-11-05 09:28:00
pühaste simone õlu;330.0;4.9;Prisma;2.85;2025-04-09 17:28:00
õlu blue moon;330.0;5.4;Rimi;2.05;2025-11-05 13:28:00
steenbrugge õlu white hele;330.0;5.0;Kaupmees;2.05;2025-11-05 09:28:00
põhjala õlu õhtu porter tume;330.0;5.5;Kaupmees;2.06;2025-11-05 09:28:00
põhjala õlu õhtu porter tume;330.0;5.5;Selver;1.89;2024-12-10 17:28:00
stella artois premium hele õlu;330.0;5.0;Coop;2.09;2025-11-05 07:28:00
stella artois premium hele õlu;330.0;5.0;Prisma;2.33;2024-04-14 17:28:00
stella artois premium hele õlu;330.0;5.0;Selver;2.45;2024-04-14 17:28:00
õlu guinness draught;440.0;4.2;Rimi;2.79;2025-11-05 11:28:00
tume õlu guinness draught;440.0;4.2;Maxima;2.8;2025-11-05 05:28:00
leffe blonde õlu hele;20000.0;6.6;Kaupmees;128.07;2025-11-05 09:28:00
muddis õlu tapa ipa india pale ale hele;330.0;6.5;Kaupmees;2.12;2025-11-05 09:28:00
muddis õlu lager hele;330.0;5.0;Kaupmees;2.12;2025-11-05 09:28:00
hiiumaa pruulikoda õlu rugipukk rukkilaager;440.0;6.8;Kaupmees;2.83;2025-11-05 09:28:00
hiiumaa pruulikoda õlu kaphoorn inglise ipa;440.0;6.7;Kaupmees;2.83;2025-11-05 09:28:00
purtse õlu mägede hääl hele;330.0;4.9;Kaupmees;2.13;2025-11-05 09:28:00
st'peter's õlu ruby red ale;500.0;4.3;Kaupmees;3.25;2025-11-05 09:28:00
steenbrugge blond õlu;330.0;6.5;Kaupmees;2.15;2025-11-05 09:28:00
steenbrugge blond õlu;330.0;6.5;Prisma;2.39;2025-04-09 17:28:00
steenbrugge brune õlu;330.0;6.5;Kaupmees;2.15;2025-11-05 09:28:00
steenbrugge brune õlu;330.0;6.5;Prisma;2.39;2025-04-09 17:28:00
paulaner õlu salvator tume;330.0;7.9;Kaupmees;2.16;2025-11-05 09:28:00
õlu tanker dehydration;440.0;5.5;Rimi;2.89;2025-11-05 11:28:00
õlu birra moretti hele;330.0;4.6;Rimi;2.19;2025-11-05 11:28:00
õlu stella artois;330.0;5.0;Rimi;2.19;2025-11-05 13:28:00
peroni nastro azzurro;330.0;5.1;Kaupmees;2.22;2025-11-05 09:28:00
peroni nastro azzurro;330.0;5.1;Sumena;1.89;2025-07-08 17:28:00
peroni nastro azzurro;330.0;5.1;Prisma;2.39;2025-04-09 17:28:00
mönchshof märzen õlu;500.0;5.5;Kaupmees;3.37;2025-11-05 09:28:00
mönchshof märzen õlu;500.0;5.5;Prisma;3.99;2025-04-09 17:28:00
pöide õlu vienna lager hele;330.0;5.2;Kaupmees;2.24;2025-11-05 09:28:00
pöide õlu kuuskant island porter;330.0;6.2;Kaupmees;2.24;2025-11-05 09:28:00
pöide rannatuul light laager õlu;330.0;2.5;Kaupmees;2.24;2025-11-05 09:28:00
pöide rannatuul light laager õlu;330.0;2.5;Prisma;2.09;2024-09-11 17:28:00
hele õlu põhjala saturnus;440.0;5.0;Maxima;2.99;2025-11-05 05:28:00
põhjala sun city florida weisse õlu;440.0;5.0;Selver;2.99;2025-11-05 03:28:00
põhjala sun city florida weisse õlu;440.0;5.0;Prisma;4.09;2025-04-09 17:28:00
st'peter's õlu honey porter;500.0;4.5;Kaupmees;3.43;2025-11-05 09:28:00
hele õlu asahi super dry;330.0;5.0;Maxima;2.29;2025-11-05 05:28:00
õlu mönchshof hell;500.0;4.9;Rimi;3.49;2025-11-05 13:28:00
pöide pööris märzen õlu;330.0;5.8;Kaupmees;2.33;2025-11-05 09:28:00
pöide pööris märzen õlu;330.0;5.8;Prisma;2.19;2024-04-14 17:28:00
leffe blonde õlu;330.0;6.6;Kaupmees;2.36;2025-11-05 09:28:00
leffe blonde õlu;330.0;6.6;Selver;2.53;2025-11-05 03:28:00
leffe blonde õlu;330.0;6.6;Prisma;2.59;2025-04-09 17:28:00
leffe brune õlu;330.0;6.5;Kaupmees;2.36;2025-11-05 09:28:00
leffe brune õlu;330.0;6.5;Prisma;2.59;2025-04-09 17:28:00
põhjala õlu mandarina festive ipa hele;330.0;5.5;Kaupmees;2.36;2025-11-05 09:28:00
õlu paulaner münchner hell;500.0;4.9;Rimi;3.59;2025-11-05 11:28:00
hoegaarden õlu white hele;330.0;4.9;Kaupmees;2.38;2025-11-05 09:28:00
valmiermuiža õlu abbey ale hele;500.0;6.7;Kaupmees;3.62;2025-11-05 09:28:00
schlenkerla õlu märzen aecht rauchbier;500.0;5.1;Kaupmees;3.63;2025-11-05 09:28:00
krieken bier kirsiõlu lager;330.0;4.5;Kaupmees;2.41;2025-11-05 09:28:00
rp õlu keturi vejai german ale;330.0;4.9;Kaupmees;2.42;2025-11-05 09:28:00
menabrea õlu premium amber hele;330.0;5.0;Kaupmees;2.43;2025-11-05 09:28:00
pühaste peoleo õlu;330.0;6.0;Kaupmees;2.44;2025-11-05 09:28:00
pühaste peoleo õlu;330.0;6.0;Prisma;2.85;2024-12-10 17:28:00
hele õlu estrella galicia;330.0;5.5;Maxima;2.45;2025-11-05 05:28:00
leffe blonde hele õlu;330.0;6.6;Coop;2.49;2025-11-05 07:28:00
leffe blonde hele õlu;330.0;6.6;Rimi;2.39;2023-12-16 17:28:00
leffe blonde hele õlu;330.0;6.6;Prisma;2.43;2024-03-15 17:28:00
õlu põhjala virmalised;330.0;6.5;Rimi;2.49;2025-11-05 11:28:00
anderson atmosfäär hele õlu;330.0;6.2;Kaupmees;2.52;2025-11-05 09:28:00
anderson atmosfäär hele õlu;330.0;6.2;Prisma;2.84;2025-04-09 17:28:00
pühaste patt porter;330.0;6.6;Coop;2.55;2025-11-05 06:28:00
pühaste patt porter;330.0;6.6;Kaupmees;2.91;2025-11-05 09:28:00
pühaste patt porter;330.0;6.6;Prisma;2.49;2024-04-14 17:28:00
asahi õlu super dry hele;330.0;5.2;Kaupmees;2.6;2025-11-05 09:28:00
purtse siidisuka sweet stout õlu;330.0;6.3;Kaupmees;2.6;2025-11-05 09:28:00
purtse siidisuka sweet stout õlu;330.0;6.3;Prisma;3.04;2025-04-09 17:28:00
hele õlu põhjala kosmos;440.0;5.5;Maxima;3.49;2025-11-05 05:28:00
hele õlu tsingtao;330.0;4.7;Maxima;2.65;2025-11-05 05:28:00
õlu purtse pale ale;330.0;5.5;Rimi;2.65;2025-11-05 13:28:00
põhjala õlu kirsiraks cherry sour;330.0;4.0;Kaupmees;2.69;2025-11-05 09:28:00
põhjala õlu kirsiraks cherry sour;330.0;4.0;Selver;3.05;2025-11-05 03:28:00
pühaste õlu linnutee stout tume;330.0;6.0;Kaupmees;2.72;2025-11-05 09:28:00
gotlands õlu sitting bulldog ipa hele;330.0;6.4;Kaupmees;2.72;2025-11-05 09:28:00
pühaste tartu pilsner;330.0;5.0;Kaupmees;2.74;2025-11-05 09:28:00
pühaste tartu pilsner;330.0;5.0;Prisma;2.59;2025-04-09 17:28:00
pühaste madame butterfly õlu;330.0;6.0;Kaupmees;2.74;2025-11-05 09:28:00
pühaste madame butterfly õlu;330.0;6.0;Prisma;2.49;2024-09-11 17:28:00
pühaste madame butterfly õlu;330.0;6.0;Coop;2.49;2025-04-09 17:28:00
õlu põhjala uus maailm;330.0;4.7;Rimi;2.75;2025-11-05 11:28:00
õlu kirin ichiban;330.0;5.0;Rimi;2.75;2025-11-05 11:28:00
õlu purtse plaadimeri;330.0;4.7;Rimi;2.75;2025-11-05 11:28:00
thornbridge õlu cocoa wonderland porter;440.0;6.8;Kaupmees;3.71;2025-11-05 09:28:00
põhjala õlu öö cassis baltic porter tume;330.0;10.5;Kaupmees;2.79;2025-11-05 09:28:00
õlu pühaste vulin;330.0;4.6;Rimi;2.79;2025-11-05 11:28:00
õlu leffe blonde;330.0;6.6;Rimi;2.85;2025-11-05 13:28:00
õlu põhjala orange gose;330.0;5.5;Rimi;2.85;2025-11-05 11:28:00
põhjala nisuõlu surf city tropical fruit sour;440.0;4.5;Kaupmees;3.81;2025-11-05 09:28:00
õlu purtse metsik ida;330.0;6.7;Rimi;2.89;2025-11-05 13:28:00
pühaste guava gose õlu;330.0;4.0;Kaupmees;2.91;2025-11-05 09:28:00
pühaste guava gose õlu;330.0;4.0;Prisma;2.99;2025-04-09 17:28:00
pühaste mana õlu;330.0;5.0;Kaupmees;2.91;2025-11-05 09:28:00
pühaste mana õlu;330.0;5.0;Prisma;2.85;2025-04-09 17:28:00
õlu pühaste mosaiik;330.0;6.9;Rimi;2.95;2025-11-05 11:28:00
põhjala õlu jõuluporter tume;330.0;10.0;Kaupmees;2.95;2025-11-05 09:28:00
pühaste õlu cotton candy sunset fruited sour;330.0;6.0;Kaupmees;2.99;2025-11-05 09:28:00
õlu põhjala virmalised;330.0;6.5;Maxima;2.99;2025-11-05 05:28:00
hele õlu põhjala prenzl. berg;330.0;4.5;Maxima;3.05;2025-11-05 05:28:00
la trappe õlu isid'or hele;330.0;7.5;Kaupmees;3.05;2025-11-05 09:28:00
taako kange hele õlu kolm venda;330.0;6.5;Coop;3.09;2025-11-05 06:28:00
õlu nudist reimo;330.0;5.0;Rimi;3.09;2025-11-05 11:28:00
õlu andersons westworld;330.0;7.1;Rimi;3.09;2025-11-05 13:28:00
mikkeller õlu ice cold pilsner hele;330.0;4.5;Kaupmees;3.12;2025-11-05 09:28:00
brewdog õlu wingman session ipa hele;330.0;4.3;Kaupmees;3.14;2025-11-05 09:28:00
mikkeller õlu budvar year of the lager hele;330.0;4.6;Kaupmees;3.14;2025-11-05 09:28:00
õlu hoppy flower;330.0;7.5;Rimi;3.19;2025-11-05 13:29:00
õlu anderson´s applehoff;330.0;5.2;Rimi;3.19;2025-11-05 13:29:00
põhjala õlu tiramisu bänger tume;330.0;12.5;Kaupmees;3.39;2025-11-05 09:29:00
kwak õlu hele;330.0;8.4;Kaupmees;3.53;2025-11-05 09:29:00
tripel karmeliet õlu hele;330.0;8.4;Kaupmees;3.66;2025-11-05 09:29:00
thornbridge õlu jaipur india pale ale hele;330.0;5.9;Kaupmees;3.79;2025-11-05 09:29:00
kasteel rouge õlu;330.0;8.0;Kaupmees;3.88;2025-11-05 09:29:00
kasteel rouge õlu;330.0;8.0;Prisma;4.09;2025-04-09 17:29:00
õlu duvel;330.0;8.5;Rimi;3.89;2025-11-05 11:29:00
lindemans õlu strawberry punane;250.0;3.5;Kaupmees;2.95;2025-11-05 09:29:00
pihtla viikingi karje kange hele õlu;330.0;10.5;Coop;3.99;2025-11-05 06:29:00
saku õlu läänekallas west coast ipa hele;750.0;5.7;Kaupmees;9.28;2025-11-05 09:29:00
õlu pihtla viikingi karje;330.0;10.5;Rimi;4.09;2025-11-05 11:29:00
kasteel õlu donker tume;330.0;11.0;Kaupmees;4.34;2025-11-05 09:29:00
õlu kompl la trappe;1320.0;8.0;Maxima;23.45;2025-11-05 05:29:00
